,image_pathname,objective_magnification,output_resolution,project_name,slide_creationdatetime,bounds_height,bounds_width,mpp_x,mpp_y,area_sq_px,level,patch_size,downsample_factor,process_list,patching_command
0,/home/weismanal/projects/idibell/repo/data/0029468706.mrxs,40,82.44332652760524,PannoramicSlide,07/05/2021 13:06:52,338688,190720,0.121267361111111,0.121323529411765,64594575360,1,256,,filenames_of_82x.csv,python $CLAM/create_patches_fp.py --process_list $working_dir/filenames_of_82x.csv --patch_level 1 --patch_size 256 --step_size 256 --preset $CLAM/presets/bwh_resection.csv --source $working_dir/data --save_dir $working_dir/results/41x/bwh_resection --seg --patch --stitch 2>&1 | tee -a $working_dir/logs/preprocessing-2022-04-26-173802.log
1,/home/weismanal/projects/idibell/repo/data/0029553565.mrxs,20,41.221663263802704,PannoramicSlide,03/12/2021 17:40:45,191744,100608,0.242534722222222,0.2426470588235289,19290980352,0,256,,filenames_of_41x.csv,python $CLAM/create_patches_fp.py --process_list $working_dir/filenames_of_41x.csv --patch_level 0 --patch_size 256 --step_size 256 --preset $CLAM/presets/bwh_resection.csv --source $working_dir/data --save_dir $working_dir/results/41x/bwh_resection --seg --patch --stitch 2>&1 | tee -a $working_dir/logs/preprocessing-2022-04-26-173802.log
2,/home/weismanal/projects/idibell/repo/data/0030657581.mrxs,20,41.221663263802704,PannoramicSlide,03/12/2021 17:42:24,133120,100352,0.242534722222222,0.2426470588235289,13358858240,0,256,,filenames_of_41x.csv,python $CLAM/create_patches_fp.py --process_list $working_dir/filenames_of_41x.csv --patch_level 0 --patch_size 256 --step_size 256 --preset $CLAM/presets/bwh_resection.csv --source $working_dir/data --save_dir $working_dir/results/41x/bwh_resection --seg --patch --stitch 2>&1 | tee -a $working_dir/logs/preprocessing-2022-04-26-173802.log
3,/home/weismanal/projects/idibell/repo/data/0035146620.mrxs,20,41.221663263802704,PannoramicSlide,03/12/2021 17:47:01,122880,97792,0.242534722222222,0.2426470588235289,12016680960,0,256,,filenames_of_41x.csv,python $CLAM/create_patches_fp.py --process_list $working_dir/filenames_of_41x.csv --patch_level 0 --patch_size 256 --step_size 256 --preset $CLAM/presets/bwh_resection.csv --source $working_dir/data --save_dir $working_dir/results/41x/bwh_resection --seg --patch --stitch 2>&1 | tee -a $working_dir/logs/preprocessing-2022-04-26-173802.log
4,/home/weismanal/projects/idibell/repo/data/0042034876.mrxs,40,63.06299217735639,PannoramicSlide,28/06/2021 19:48:17,221952,117760,0.158309027777778,0.158834185848252,26137067520,0,392,,filenames_of_63x.csv,python $CLAM/create_patches_fp.py --process_list $working_dir/filenames_of_63x.csv --patch_level 0 --patch_size 392 --step_size 392 --preset $CLAM/presets/bwh_resection.csv --source $working_dir/data --save_dir $working_dir/results/41x/bwh_resection --seg --patch --stitch 2>&1 | tee -a $working_dir/logs/preprocessing-2022-04-26-173802.log
5,/home/weismanal/projects/idibell/repo/data/0042711961.mrxs,40,63.06299217735639,PannoramicSlide,28/06/2021 20:25:14,280064,146432,0.158309027777778,0.158834185848252,41010331648,0,392,,filenames_of_63x.csv,python $CLAM/create_patches_fp.py --process_list $working_dir/filenames_of_63x.csv --patch_level 0 --patch_size 392 --step_size 392 --preset $CLAM/presets/bwh_resection.csv --source $working_dir/data --save_dir $working_dir/results/41x/bwh_resection --seg --patch --stitch 2>&1 | tee -a $working_dir/logs/preprocessing-2022-04-26-173802.log
6,/home/weismanal/projects/idibell/repo/data/0042951302.mrxs,40,63.06299217735639,PannoramicSlide,28/06/2021 21:13:25,291840,147200,0.158309027777778,0.158834185848252,42958848000,0,392,,filenames_of_63x.csv,python $CLAM/create_patches_fp.py --process_list $working_dir/filenames_of_63x.csv --patch_level 0 --patch_size 392 --step_size 392 --preset $CLAM/presets/bwh_resection.csv --source $working_dir/data --save_dir $working_dir/results/41x/bwh_resection --seg --patch --stitch 2>&1 | tee -a $working_dir/logs/preprocessing-2022-04-26-173802.log
7,/home/weismanal/projects/idibell/repo/data/0043824438.mrxs,20,41.221663263802704,PannoramicSlide,03/12/2021 17:49:42,124928,100352,0.242534722222222,0.2426470588235289,12536774656,0,256,,filenames_of_41x.csv,python $CLAM/create_patches_fp.py --process_list $working_dir/filenames_of_41x.csv --patch_level 0 --patch_size 256 --step_size 256 --preset $CLAM/presets/bwh_resection.csv --source $working_dir/data --save_dir $working_dir/results/41x/bwh_resection --seg --patch --stitch 2>&1 | tee -a $working_dir/logs/preprocessing-2022-04-26-173802.log
8,/home/weismanal/projects/idibell/repo/data/0044135054.mrxs,20,41.221663263802704,PannoramicSlide,03/12/2021 17:50:52,170496,86272,0.242534722222222,0.2426470588235289,14709030912,0,256,,filenames_of_41x.csv,python $CLAM/create_patches_fp.py --process_list $working_dir/filenames_of_41x.csv --patch_level 0 --patch_size 256 --step_size 256 --preset $CLAM/presets/bwh_resection.csv --source $working_dir/data --save_dir $working_dir/results/41x/bwh_resection --seg --patch --stitch 2>&1 | tee -a $working_dir/logs/preprocessing-2022-04-26-173802.log
9,/home/weismanal/projects/idibell/repo/data/0046723899.mrxs,20,41.221663263802704,PannoramicSlide,03/12/2021 17:54:07,189184,100608,0.242534722222222,0.2426470588235289,19033423872,0,256,,filenames_of_41x.csv,python $CLAM/create_patches_fp.py --process_list $working_dir/filenames_of_41x.csv --patch_level 0 --patch_size 256 --step_size 256 --preset $CLAM/presets/bwh_resection.csv --source $working_dir/data --save_dir $working_dir/results/41x/bwh_resection --seg --patch --stitch 2>&1 | tee -a $working_dir/logs/preprocessing-2022-04-26-173802.log
10,/home/weismanal/projects/idibell/repo/data/0046877280.mrxs,40,63.06299217735639,PannoramicSlide,28/06/2021 20:58:45,287488,149248,0.158309027777778,0.158834185848252,42907009024,0,392,,filenames_of_63x.csv,python $CLAM/create_patches_fp.py --process_list $working_dir/filenames_of_63x.csv --patch_level 0 --patch_size 392 --step_size 392 --preset $CLAM/presets/bwh_resection.csv --source $working_dir/data --save_dir $working_dir/results/41x/bwh_resection --seg --patch --stitch 2>&1 | tee -a $working_dir/logs/preprocessing-2022-04-26-173802.log
11,/home/weismanal/projects/idibell/repo/data/0047176089.mrxs,40,63.06299217735639,PannoramicSlide,28/06/2021 19:28:42,266240,149248,0.158309027777778,0.158834185848252,39735787520,0,392,,filenames_of_63x.csv,python $CLAM/create_patches_fp.py --process_list $working_dir/filenames_of_63x.csv --patch_level 0 --patch_size 392 --step_size 392 --preset $CLAM/presets/bwh_resection.csv --source $working_dir/data --save_dir $working_dir/results/41x/bwh_resection --seg --patch --stitch 2>&1 | tee -a $working_dir/logs/preprocessing-2022-04-26-173802.log
12,/home/weismanal/projects/idibell/repo/data/0047953852.mrxs,40,82.44332652760524,PannoramicSlide,07/05/2021 11:53:11,386560,194816,0.121267361111111,0.121323529411765,75308072960,1,256,,filenames_of_82x.csv,python $CLAM/create_patches_fp.py --process_list $working_dir/filenames_of_82x.csv --patch_level 1 --patch_size 256 --step_size 256 --preset $CLAM/presets/bwh_resection.csv --source $working_dir/data --save_dir $working_dir/results/41x/bwh_resection --seg --patch --stitch 2>&1 | tee -a $working_dir/logs/preprocessing-2022-04-26-173802.log
13,/home/weismanal/projects/idibell/repo/data/0048086809.mrxs,40,63.06299217735639,PannoramicSlide,28/06/2021 18:21:22,290304,127744,0.158309027777778,0.158834185848252,37084594176,0,392,,filenames_of_63x.csv,python $CLAM/create_patches_fp.py --process_list $working_dir/filenames_of_63x.csv --patch_level 0 --patch_size 392 --step_size 392 --preset $CLAM/presets/bwh_resection.csv --source $working_dir/data --save_dir $working_dir/results/41x/bwh_resection --seg --patch --stitch 2>&1 | tee -a $working_dir/logs/preprocessing-2022-04-26-173802.log
14,/home/weismanal/projects/idibell/repo/data/0049547258.mrxs,40,63.06299217735639,PannoramicSlide,28/06/2021 17:50:33,288768,150528,0.158309027777778,0.158834185848252,43467669504,0,392,,filenames_of_63x.csv,python $CLAM/create_patches_fp.py --process_list $working_dir/filenames_of_63x.csv --patch_level 0 --patch_size 392 --step_size 392 --preset $CLAM/presets/bwh_resection.csv --source $working_dir/data --save_dir $working_dir/results/41x/bwh_resection --seg --patch --stitch 2>&1 | tee -a $working_dir/logs/preprocessing-2022-04-26-173802.log
15,/home/weismanal/projects/idibell/repo/data/0049556653.mrxs,40,63.06299217735639,PannoramicSlide,28/06/2021 18:12:20,249600,138752,0.158309027777778,0.158834185848252,34632499200,0,392,,filenames_of_63x.csv,python $CLAM/create_patches_fp.py --process_list $working_dir/filenames_of_63x.csv --patch_level 0 --patch_size 392 --step_size 392 --preset $CLAM/presets/bwh_resection.csv --source $working_dir/data --save_dir $working_dir/results/41x/bwh_resection --seg --patch --stitch 2>&1 | tee -a $working_dir/logs/preprocessing-2022-04-26-173802.log
16,/home/weismanal/projects/idibell/repo/data/0050394746.mrxs,40,63.06299217735639,PannoramicSlide,28/06/2021 18:04:43,226816,119552,0.158309027777778,0.158834185848252,27116306432,0,392,,filenames_of_63x.csv,python $CLAM/create_patches_fp.py --process_list $working_dir/filenames_of_63x.csv --patch_level 0 --patch_size 392 --step_size 392 --preset $CLAM/presets/bwh_resection.csv --source $working_dir/data --save_dir $working_dir/results/41x/bwh_resection --seg --patch --stitch 2>&1 | tee -a $working_dir/logs/preprocessing-2022-04-26-173802.log
17,/home/weismanal/projects/idibell/repo/data/0051341579.mrxs,20,41.221663263802704,PannoramicSlide,03/12/2021 17:56:59,172800,100352,0.242534722222222,0.2426470588235289,17340825600,0,256,,filenames_of_41x.csv,python $CLAM/create_patches_fp.py --process_list $working_dir/filenames_of_41x.csv --patch_level 0 --patch_size 256 --step_size 256 --preset $CLAM/presets/bwh_resection.csv --source $working_dir/data --save_dir $working_dir/results/41x/bwh_resection --seg --patch --stitch 2>&1 | tee -a $working_dir/logs/preprocessing-2022-04-26-173802.log
18,/home/weismanal/projects/idibell/repo/data/0054130784.mrxs,40,82.44332652760524,PannoramicSlide,07/05/2021 13:01:00,296704,188416,0.121267361111111,0.121323529411765,55903780864,1,256,,filenames_of_82x.csv,python $CLAM/create_patches_fp.py --process_list $working_dir/filenames_of_82x.csv --patch_level 1 --patch_size 256 --step_size 256 --preset $CLAM/presets/bwh_resection.csv --source $working_dir/data --save_dir $working_dir/results/41x/bwh_resection --seg --patch --stitch 2>&1 | tee -a $working_dir/logs/preprocessing-2022-04-26-173802.log
19,/home/weismanal/projects/idibell/repo/data/0054815807.mrxs,40,63.06299217735639,PannoramicSlide,28/06/2021 19:14:05,289024,147200,0.158309027777778,0.158834185848252,42544332800,0,392,,filenames_of_63x.csv,python $CLAM/create_patches_fp.py --process_list $working_dir/filenames_of_63x.csv --patch_level 0 --patch_size 392 --step_size 392 --preset $CLAM/presets/bwh_resection.csv --source $working_dir/data --save_dir $working_dir/results/41x/bwh_resection --seg --patch --stitch 2>&1 | tee -a $working_dir/logs/preprocessing-2022-04-26-173802.log
20,/home/weismanal/projects/idibell/repo/data/0055483886.mrxs,40,82.44332652760524,PannoramicSlide,07/05/2021 11:48:22,225024,188672,0.121267361111111,0.121323529411765,42455728128,1,256,,filenames_of_82x.csv,python $CLAM/create_patches_fp.py --process_list $working_dir/filenames_of_82x.csv --patch_level 1 --patch_size 256 --step_size 256 --preset $CLAM/presets/bwh_resection.csv --source $working_dir/data --save_dir $working_dir/results/41x/bwh_resection --seg --patch --stitch 2>&1 | tee -a $working_dir/logs/preprocessing-2022-04-26-173802.log
21,/home/weismanal/projects/idibell/repo/data/0057134497.mrxs,40,63.06299217735639,PannoramicSlide,28/06/2021 17:37:44,222208,144384,0.158309027777778,0.158834185848252,32083279872,0,392,,filenames_of_63x.csv,python $CLAM/create_patches_fp.py --process_list $working_dir/filenames_of_63x.csv --patch_level 0 --patch_size 392 --step_size 392 --preset $CLAM/presets/bwh_resection.csv --source $working_dir/data --save_dir $working_dir/results/41x/bwh_resection --seg --patch --stitch 2>&1 | tee -a $working_dir/logs/preprocessing-2022-04-26-173802.log
22,/home/weismanal/projects/idibell/repo/data/0058263272.mrxs,20,41.221663263802704,PannoramicSlide,03/12/2021 17:58:21,151808,97536,0.242534722222222,0.2426470588235289,14806745088,0,256,,filenames_of_41x.csv,python $CLAM/create_patches_fp.py --process_list $working_dir/filenames_of_41x.csv --patch_level 0 --patch_size 256 --step_size 256 --preset $CLAM/presets/bwh_resection.csv --source $working_dir/data --save_dir $working_dir/results/41x/bwh_resection --seg --patch --stitch 2>&1 | tee -a $working_dir/logs/preprocessing-2022-04-26-173802.log
23,/home/weismanal/projects/idibell/repo/data/0059072087.mrxs,20,41.221663263802704,PannoramicSlide,03/12/2021 18:02:28,197888,100608,0.242534722222222,0.2426470588235289,19909115904,0,256,,filenames_of_41x.csv,python $CLAM/create_patches_fp.py --process_list $working_dir/filenames_of_41x.csv --patch_level 0 --patch_size 256 --step_size 256 --preset $CLAM/presets/bwh_resection.csv --source $working_dir/data --save_dir $working_dir/results/41x/bwh_resection --seg --patch --stitch 2>&1 | tee -a $working_dir/logs/preprocessing-2022-04-26-173802.log
24,/home/weismanal/projects/idibell/repo/data/0063366529.mrxs,20,41.221663263802704,PannoramicSlide,03/12/2021 18:35:55,195584,97792,0.242534722222222,0.2426470588235289,19126550528,0,256,,filenames_of_41x.csv,python $CLAM/create_patches_fp.py --process_list $working_dir/filenames_of_41x.csv --patch_level 0 --patch_size 256 --step_size 256 --preset $CLAM/presets/bwh_resection.csv --source $working_dir/data --save_dir $working_dir/results/41x/bwh_resection --seg --patch --stitch 2>&1 | tee -a $working_dir/logs/preprocessing-2022-04-26-173802.log
25,/home/weismanal/projects/idibell/repo/data/0063610642.mrxs,20,41.221663263802704,PannoramicSlide,03/12/2021 18:37:32,189440,100352,0.242534722222222,0.2426470588235289,19010682880,0,256,,filenames_of_41x.csv,python $CLAM/create_patches_fp.py --process_list $working_dir/filenames_of_41x.csv --patch_level 0 --patch_size 256 --step_size 256 --preset $CLAM/presets/bwh_resection.csv --source $working_dir/data --save_dir $working_dir/results/41x/bwh_resection --seg --patch --stitch 2>&1 | tee -a $working_dir/logs/preprocessing-2022-04-26-173802.log
26,/home/weismanal/projects/idibell/repo/data/30.mrxs,40,82.44332652760524,PannoramicSlide,07/05/2021 12:51:26,352512,180992,0.121267361111111,0.121323529411765,63801851904,1,256,,filenames_of_82x.csv,python $CLAM/create_patches_fp.py --process_list $working_dir/filenames_of_82x.csv --patch_level 1 --patch_size 256 --step_size 256 --preset $CLAM/presets/bwh_resection.csv --source $working_dir/data --save_dir $working_dir/results/41x/bwh_resection --seg --patch --stitch 2>&1 | tee -a $working_dir/logs/preprocessing-2022-04-26-173802.log
27,/home/weismanal/projects/idibell/repo/data/B-160004549-01-B-001.mrxs,20,41.221663263802704,PannoramicSlide,03/12/2021 17:45:30,189440,100608,0.242534722222222,0.2426470588235289,19059179520,0,256,,filenames_of_41x.csv,python $CLAM/create_patches_fp.py --process_list $working_dir/filenames_of_41x.csv --patch_level 0 --patch_size 256 --step_size 256 --preset $CLAM/presets/bwh_resection.csv --source $working_dir/data --save_dir $working_dir/results/41x/bwh_resection --seg --patch --stitch 2>&1 | tee -a $working_dir/logs/preprocessing-2022-04-26-173802.log
28,/home/weismanal/projects/idibell/repo/data/BB150007349-A-01-001.mrxs,20,41.221663263802704,PannoramicSlide,03/12/2021 17:43:31,151808,75520,0.242534722222222,0.2426470588235289,11464540160,0,256,,filenames_of_41x.csv,python $CLAM/create_patches_fp.py --process_list $working_dir/filenames_of_41x.csv --patch_level 0 --patch_size 256 --step_size 256 --preset $CLAM/presets/bwh_resection.csv --source $working_dir/data --save_dir $working_dir/results/41x/bwh_resection --seg --patch --stitch 2>&1 | tee -a $working_dir/logs/preprocessing-2022-04-26-173802.log
29,/home/weismanal/projects/idibell/repo/data/DigitalSlide_B1M_14S_1.mrxs,20,41.221663263802704,Default,11/01/2022 21:33:07,108288,91904,0.242534722222222,0.2426470588235289,9952100352,0,256,,filenames_of_41x.csv,python $CLAM/create_patches_fp.py --process_list $working_dir/filenames_of_41x.csv --patch_level 0 --patch_size 256 --step_size 256 --preset $CLAM/presets/bwh_resection.csv --source $working_dir/data --save_dir $working_dir/results/41x/bwh_resection --seg --patch --stitch 2>&1 | tee -a $working_dir/logs/preprocessing-2022-04-26-173802.log
30,/home/weismanal/projects/idibell/repo/data/DigitalSlide_B1M_15S_1.mrxs,20,41.221663263802704,Default,11/01/2022 21:34:48,193280,103424,0.242534722222222,0.2426470588235289,19989790720,0,256,,filenames_of_41x.csv,python $CLAM/create_patches_fp.py --process_list $working_dir/filenames_of_41x.csv --patch_level 0 --patch_size 256 --step_size 256 --preset $CLAM/presets/bwh_resection.csv --source $working_dir/data --save_dir $working_dir/results/41x/bwh_resection --seg --patch --stitch 2>&1 | tee -a $working_dir/logs/preprocessing-2022-04-26-173802.log
31,/home/weismanal/projects/idibell/repo/data/DigitalSlide_B1M_16S_1.mrxs,20,41.221663263802704,Default,11/01/2022 21:36:16,197632,97280,0.242534722222222,0.2426470588235289,19225640960,0,256,,filenames_of_41x.csv,python $CLAM/create_patches_fp.py --process_list $working_dir/filenames_of_41x.csv --patch_level 0 --patch_size 256 --step_size 256 --preset $CLAM/presets/bwh_resection.csv --source $working_dir/data --save_dir $working_dir/results/41x/bwh_resection --seg --patch --stitch 2>&1 | tee -a $working_dir/logs/preprocessing-2022-04-26-173802.log
32,/home/weismanal/projects/idibell/repo/data/DigitalSlide_B1M_18S_1.mrxs,20,41.221663263802704,Default,11/01/2022 21:40:12,166400,100352,0.242534722222222,0.2426470588235289,16698572800,0,256,,filenames_of_41x.csv,python $CLAM/create_patches_fp.py --process_list $working_dir/filenames_of_41x.csv --patch_level 0 --patch_size 256 --step_size 256 --preset $CLAM/presets/bwh_resection.csv --source $working_dir/data --save_dir $working_dir/results/41x/bwh_resection --seg --patch --stitch 2>&1 | tee -a $working_dir/logs/preprocessing-2022-04-26-173802.log
33,/home/weismanal/projects/idibell/repo/data/DigitalSlide_B1M_19S_1.mrxs,20,41.221663263802704,Default,11/01/2022 21:41:54,197376,92160,0.242534722222222,0.2426470588235289,18190172160,0,256,,filenames_of_41x.csv,python $CLAM/create_patches_fp.py --process_list $working_dir/filenames_of_41x.csv --patch_level 0 --patch_size 256 --step_size 256 --preset $CLAM/presets/bwh_resection.csv --source $working_dir/data --save_dir $working_dir/results/41x/bwh_resection --seg --patch --stitch 2>&1 | tee -a $working_dir/logs/preprocessing-2022-04-26-173802.log
34,/home/weismanal/projects/idibell/repo/data/DigitalSlide_B1M_1S_1.mrxs,20,41.221663263802704,Default,11/01/2022 21:13:12,126976,97536,0.242534722222222,0.2426470588235289,12384731136,0,256,,filenames_of_41x.csv,python $CLAM/create_patches_fp.py --process_list $working_dir/filenames_of_41x.csv --patch_level 0 --patch_size 256 --step_size 256 --preset $CLAM/presets/bwh_resection.csv --source $working_dir/data --save_dir $working_dir/results/41x/bwh_resection --seg --patch --stitch 2>&1 | tee -a $working_dir/logs/preprocessing-2022-04-26-173802.log
35,/home/weismanal/projects/idibell/repo/data/DigitalSlide_B1M_1S_1_12-1-2022_17-37-26.mrxs,20,41.221663263802704,Default,12/01/2022 18:36:47,191232,102912,0.242534722222222,0.2426470588235289,19680067584,0,256,,filenames_of_41x.csv,python $CLAM/create_patches_fp.py --process_list $working_dir/filenames_of_41x.csv --patch_level 0 --patch_size 256 --step_size 256 --preset $CLAM/presets/bwh_resection.csv --source $working_dir/data --save_dir $working_dir/results/41x/bwh_resection --seg --patch --stitch 2>&1 | tee -a $working_dir/logs/preprocessing-2022-04-26-173802.log
36,/home/weismanal/projects/idibell/repo/data/DigitalSlide_B1M_2S_1.mrxs,20,41.221663263802704,Default,11/01/2022 21:14:09,72960,72448,0.242534722222222,0.2426470588235289,5285806080,0,256,,filenames_of_41x.csv,python $CLAM/create_patches_fp.py --process_list $working_dir/filenames_of_41x.csv --patch_level 0 --patch_size 256 --step_size 256 --preset $CLAM/presets/bwh_resection.csv --source $working_dir/data --save_dir $working_dir/results/41x/bwh_resection --seg --patch --stitch 2>&1 | tee -a $working_dir/logs/preprocessing-2022-04-26-173802.log
37,/home/weismanal/projects/idibell/repo/data/DigitalSlide_B1M_2S_1_12-1-2022_17-38-55.mrxs,20,41.221663263802704,Default,12/01/2022 18:38:27,120576,100352,0.242534722222222,0.2426470588235289,12100042752,0,256,,filenames_of_41x.csv,python $CLAM/create_patches_fp.py --process_list $working_dir/filenames_of_41x.csv --patch_level 0 --patch_size 256 --step_size 256 --preset $CLAM/presets/bwh_resection.csv --source $working_dir/data --save_dir $working_dir/results/41x/bwh_resection --seg --patch --stitch 2>&1 | tee -a $working_dir/logs/preprocessing-2022-04-26-173802.log
38,/home/weismanal/projects/idibell/repo/data/DigitalSlide_B1M_3S_1.mrxs,20,41.221663263802704,Default,11/01/2022 21:15:00,124672,86528,0.242534722222222,0.2426470588235289,10787618816,0,256,,filenames_of_41x.csv,python $CLAM/create_patches_fp.py --process_list $working_dir/filenames_of_41x.csv --patch_level 0 --patch_size 256 --step_size 256 --preset $CLAM/presets/bwh_resection.csv --source $working_dir/data --save_dir $working_dir/results/41x/bwh_resection --seg --patch --stitch 2>&1 | tee -a $working_dir/logs/preprocessing-2022-04-26-173802.log
39,/home/weismanal/projects/idibell/repo/data/DigitalSlide_B1M_3S_1_12-1-2022_17-40-14.mrxs,20,41.221663263802704,Default,12/01/2022 18:39:47,170496,97280,0.242534722222222,0.2426470588235289,16585850880,0,256,,filenames_of_41x.csv,python $CLAM/create_patches_fp.py --process_list $working_dir/filenames_of_41x.csv --patch_level 0 --patch_size 256 --step_size 256 --preset $CLAM/presets/bwh_resection.csv --source $working_dir/data --save_dir $working_dir/results/41x/bwh_resection --seg --patch --stitch 2>&1 | tee -a $working_dir/logs/preprocessing-2022-04-26-173802.log
40,/home/weismanal/projects/idibell/repo/data/DigitalSlide_B1M_5S_1.mrxs,20,41.221663263802704,Default,11/01/2022 21:18:12,166400,44800,0.242534722222222,0.2426470588235289,7454720000,0,256,,filenames_of_41x.csv,python $CLAM/create_patches_fp.py --process_list $working_dir/filenames_of_41x.csv --patch_level 0 --patch_size 256 --step_size 256 --preset $CLAM/presets/bwh_resection.csv --source $working_dir/data --save_dir $working_dir/results/41x/bwh_resection --seg --patch --stitch 2>&1 | tee -a $working_dir/logs/preprocessing-2022-04-26-173802.log
41,/home/weismanal/projects/idibell/repo/data/DigitalSlide_B2M_11S_1_20210826183548302.mrxs,20,41.221663263802704,Default,25/08/2021 17:50:04,124928,97536,0.242534722222222,0.2426470588235289,12184977408,0,256,,filenames_of_41x.csv,python $CLAM/create_patches_fp.py --process_list $working_dir/filenames_of_41x.csv --patch_level 0 --patch_size 256 --step_size 256 --preset $CLAM/presets/bwh_resection.csv --source $working_dir/data --save_dir $working_dir/results/41x/bwh_resection --seg --patch --stitch 2>&1 | tee -a $working_dir/logs/preprocessing-2022-04-26-173802.log
42,/home/weismanal/projects/idibell/repo/data/DigitalSlide_B2M_12S_1_20210826183648767.mrxs,20,41.221663263802704,Default,25/08/2021 17:51:35,172544,100352,0.242534722222222,0.2426470588235289,17315135488,0,256,,filenames_of_41x.csv,python $CLAM/create_patches_fp.py --process_list $working_dir/filenames_of_41x.csv --patch_level 0 --patch_size 256 --step_size 256 --preset $CLAM/presets/bwh_resection.csv --source $working_dir/data --save_dir $working_dir/results/41x/bwh_resection --seg --patch --stitch 2>&1 | tee -a $working_dir/logs/preprocessing-2022-04-26-173802.log
43,/home/weismanal/projects/idibell/repo/data/DigitalSlide_B2M_1S_1_20210826183728179.mrxs,20,41.221663263802704,Default,25/08/2021 17:32:15,195584,89600,0.242534722222222,0.2426470588235289,17524326400,0,256,,filenames_of_41x.csv,python $CLAM/create_patches_fp.py --process_list $working_dir/filenames_of_41x.csv --patch_level 0 --patch_size 256 --step_size 256 --preset $CLAM/presets/bwh_resection.csv --source $working_dir/data --save_dir $working_dir/results/41x/bwh_resection --seg --patch --stitch 2>&1 | tee -a $working_dir/logs/preprocessing-2022-04-26-173802.log
44,/home/weismanal/projects/idibell/repo/data/DigitalSlide_B2M_3S_1_20210826183921228.mrxs,20,41.221663263802704,Default,25/08/2021 17:36:03,166144,94720,0.242534722222222,0.2426470588235289,15737159680,0,256,,filenames_of_41x.csv,python $CLAM/create_patches_fp.py --process_list $working_dir/filenames_of_41x.csv --patch_level 0 --patch_size 256 --step_size 256 --preset $CLAM/presets/bwh_resection.csv --source $working_dir/data --save_dir $working_dir/results/41x/bwh_resection --seg --patch --stitch 2>&1 | tee -a $working_dir/logs/preprocessing-2022-04-26-173802.log
45,/home/weismanal/projects/idibell/repo/data/DigitalSlide_B2M_4S_1_20210826184014839.mrxs,20,41.221663263802704,Default,25/08/2021 17:37:21,166400,100352,0.242534722222222,0.2426470588235289,16698572800,0,256,,filenames_of_41x.csv,python $CLAM/create_patches_fp.py --process_list $working_dir/filenames_of_41x.csv --patch_level 0 --patch_size 256 --step_size 256 --preset $CLAM/presets/bwh_resection.csv --source $working_dir/data --save_dir $working_dir/results/41x/bwh_resection --seg --patch --stitch 2>&1 | tee -a $working_dir/logs/preprocessing-2022-04-26-173802.log
46,/home/weismanal/projects/idibell/repo/data/DigitalSlide_B2M_5S_1_20210826184054251.mrxs,20,41.221663263802704,Default,25/08/2021 17:39:09,168448,100096,0.242534722222222,0.2426470588235289,16860971008,0,256,,filenames_of_41x.csv,python $CLAM/create_patches_fp.py --process_list $working_dir/filenames_of_41x.csv --patch_level 0 --patch_size 256 --step_size 256 --preset $CLAM/presets/bwh_resection.csv --source $working_dir/data --save_dir $working_dir/results/41x/bwh_resection --seg --patch --stitch 2>&1 | tee -a $working_dir/logs/preprocessing-2022-04-26-173802.log
47,/home/weismanal/projects/idibell/repo/data/DigitalSlide_B2M_6S_1_20210826184158873.mrxs,20,41.221663263802704,Default,25/08/2021 17:41:00,149760,100352,0.242534722222222,0.2426470588235289,15028715520,0,256,,filenames_of_41x.csv,python $CLAM/create_patches_fp.py --process_list $working_dir/filenames_of_41x.csv --patch_level 0 --patch_size 256 --step_size 256 --preset $CLAM/presets/bwh_resection.csv --source $working_dir/data --save_dir $working_dir/results/41x/bwh_resection --seg --patch --stitch 2>&1 | tee -a $working_dir/logs/preprocessing-2022-04-26-173802.log
48,/home/weismanal/projects/idibell/repo/data/DigitalSlide_B2M_7S_1_20210826184304020.mrxs,20,41.221663263802704,Default,25/08/2021 17:43:06,185088,97792,0.242534722222222,0.2426470588235289,18100125696,0,256,,filenames_of_41x.csv,python $CLAM/create_patches_fp.py --process_list $working_dir/filenames_of_41x.csv --patch_level 0 --patch_size 256 --step_size 256 --preset $CLAM/presets/bwh_resection.csv --source $working_dir/data --save_dir $working_dir/results/41x/bwh_resection --seg --patch --stitch 2>&1 | tee -a $working_dir/logs/preprocessing-2022-04-26-173802.log
49,/home/weismanal/projects/idibell/repo/data/DigitalSlide_B2M_8S_1_20210826184401956.mrxs,20,41.221663263802704,Default,25/08/2021 17:45:07,178688,100352,0.242534722222222,0.2426470588235289,17931698176,0,256,,filenames_of_41x.csv,python $CLAM/create_patches_fp.py --process_list $working_dir/filenames_of_41x.csv --patch_level 0 --patch_size 256 --step_size 256 --preset $CLAM/presets/bwh_resection.csv --source $working_dir/data --save_dir $working_dir/results/41x/bwh_resection --seg --patch --stitch 2>&1 | tee -a $working_dir/logs/preprocessing-2022-04-26-173802.log
50,/home/weismanal/projects/idibell/repo/data/DigitalSlide_B2M_9S_1_20210826184515465.mrxs,20,41.221663263802704,Default,25/08/2021 17:46:37,190976,103168,0.242534722222222,0.2426470588235289,19702611968,0,256,,filenames_of_41x.csv,python $CLAM/create_patches_fp.py --process_list $working_dir/filenames_of_41x.csv --patch_level 0 --patch_size 256 --step_size 256 --preset $CLAM/presets/bwh_resection.csv --source $working_dir/data --save_dir $working_dir/results/41x/bwh_resection --seg --patch --stitch 2>&1 | tee -a $working_dir/logs/preprocessing-2022-04-26-173802.log
51,/home/weismanal/projects/idibell/repo/data/DigitalSlide_B9M_11S_1.mrxs,40,63.06299217735639,PannoramicSlide,28/06/2021 19:41:41,156928,125952,0.158309027777778,0.158834185848252,19765395456,0,392,,filenames_of_63x.csv,python $CLAM/create_patches_fp.py --process_list $working_dir/filenames_of_63x.csv --patch_level 0 --patch_size 392 --step_size 392 --preset $CLAM/presets/bwh_resection.csv --source $working_dir/data --save_dir $working_dir/results/41x/bwh_resection --seg --patch --stitch 2>&1 | tee -a $working_dir/logs/preprocessing-2022-04-26-173802.log
52,/home/weismanal/projects/idibell/repo/data/DigitalSlide_B9M_14S_1.mrxs,40,63.06299217735639,PannoramicSlide,28/06/2021 20:12:24,188672,144384,0.158309027777778,0.158834185848252,27241218048,0,392,,filenames_of_63x.csv,python $CLAM/create_patches_fp.py --process_list $working_dir/filenames_of_63x.csv --patch_level 0 --patch_size 392 --step_size 392 --preset $CLAM/presets/bwh_resection.csv --source $working_dir/data --save_dir $working_dir/results/41x/bwh_resection --seg --patch --stitch 2>&1 | tee -a $working_dir/logs/preprocessing-2022-04-26-173802.log
53,/home/weismanal/projects/idibell/repo/data/DigitalSlide_B9M_16S_1.mrxs,40,63.06299217735639,PannoramicSlide,28/06/2021 20:41:07,276736,146944,0.158309027777778,0.158834185848252,40664694784,0,392,,filenames_of_63x.csv,python $CLAM/create_patches_fp.py --process_list $working_dir/filenames_of_63x.csv --patch_level 0 --patch_size 392 --step_size 392 --preset $CLAM/presets/bwh_resection.csv --source $working_dir/data --save_dir $working_dir/results/41x/bwh_resection --seg --patch --stitch 2>&1 | tee -a $working_dir/logs/preprocessing-2022-04-26-173802.log
54,/home/weismanal/projects/idibell/repo/data/DigitalSlide_B9M_6S_1.mrxs,40,63.06299217735639,PannoramicSlide,28/06/2021 18:32:30,194560,150784,0.158309027777778,0.158834185848252,29336535040,0,392,,filenames_of_63x.csv,python $CLAM/create_patches_fp.py --process_list $working_dir/filenames_of_63x.csv --patch_level 0 --patch_size 392 --step_size 392 --preset $CLAM/presets/bwh_resection.csv --source $working_dir/data --save_dir $working_dir/results/41x/bwh_resection --seg --patch --stitch 2>&1 | tee -a $working_dir/logs/preprocessing-2022-04-26-173802.log
55,/home/weismanal/projects/idibell/repo/data/DigitalSlide_B9M_7S_1.mrxs,40,63.06299217735639,PannoramicSlide,28/06/2021 18:44:21,217600,150784,0.158309027777778,0.158834185848252,32810598400,0,392,,filenames_of_63x.csv,python $CLAM/create_patches_fp.py --process_list $working_dir/filenames_of_63x.csv --patch_level 0 --patch_size 392 --step_size 392 --preset $CLAM/presets/bwh_resection.csv --source $working_dir/data --save_dir $working_dir/results/41x/bwh_resection --seg --patch --stitch 2>&1 | tee -a $working_dir/logs/preprocessing-2022-04-26-173802.log
56,/home/weismanal/projects/idibell/repo/data/DigitalSlide_B9M_8S_1.mrxs,40,63.06299217735639,PannoramicSlide,28/06/2021 18:59:33,272384,146688,0.158309027777778,0.158834185848252,39955464192,0,392,,filenames_of_63x.csv,python $CLAM/create_patches_fp.py --process_list $working_dir/filenames_of_63x.csv --patch_level 0 --patch_size 392 --step_size 392 --preset $CLAM/presets/bwh_resection.csv --source $working_dir/data --save_dir $working_dir/results/41x/bwh_resection --seg --patch --stitch 2>&1 | tee -a $working_dir/logs/preprocessing-2022-04-26-173802.log
57,/home/weismanal/projects/idibell/repo/data/DigitalSlide_C10M_12S_1.mrxs,20,41.221663263802704,PannoramicSlide,03/12/2021 17:52:35,137472,100352,0.242534722222222,0.2426470588235289,13795590144,0,256,,filenames_of_41x.csv,python $CLAM/create_patches_fp.py --process_list $working_dir/filenames_of_41x.csv --patch_level 0 --patch_size 256 --step_size 256 --preset $CLAM/presets/bwh_resection.csv --source $working_dir/data --save_dir $working_dir/results/41x/bwh_resection --seg --patch --stitch 2>&1 | tee -a $working_dir/logs/preprocessing-2022-04-26-173802.log
58,/home/weismanal/projects/idibell/repo/data/DigitalSlide_C10M_14S_1.mrxs,20,41.221663263802704,PannoramicSlide,03/12/2021 17:55:30,170496,72704,0.242534722222222,0.2426470588235289,12395741184,0,256,,filenames_of_41x.csv,python $CLAM/create_patches_fp.py --process_list $working_dir/filenames_of_41x.csv --patch_level 0 --patch_size 256 --step_size 256 --preset $CLAM/presets/bwh_resection.csv --source $working_dir/data --save_dir $working_dir/results/41x/bwh_resection --seg --patch --stitch 2>&1 | tee -a $working_dir/logs/preprocessing-2022-04-26-173802.log
59,/home/weismanal/projects/idibell/repo/data/DigitalSlide_C10M_19S_1.mrxs,20,41.221663263802704,PannoramicSlide,03/12/2021 18:34:06,166400,100608,0.242534722222222,0.2426470588235289,16741171200,0,256,,filenames_of_41x.csv,python $CLAM/create_patches_fp.py --process_list $working_dir/filenames_of_41x.csv --patch_level 0 --patch_size 256 --step_size 256 --preset $CLAM/presets/bwh_resection.csv --source $working_dir/data --save_dir $working_dir/results/41x/bwh_resection --seg --patch --stitch 2>&1 | tee -a $working_dir/logs/preprocessing-2022-04-26-173802.log
60,/home/weismanal/projects/idibell/repo/data/DigitalSlide_C10M_1S_1.mrxs,20,41.221663263802704,PannoramicSlide,03/12/2021 17:35:18,197632,100864,0.242534722222222,0.2426470588235289,19933954048,0,256,,filenames_of_41x.csv,python $CLAM/create_patches_fp.py --process_list $working_dir/filenames_of_41x.csv --patch_level 0 --patch_size 256 --step_size 256 --preset $CLAM/presets/bwh_resection.csv --source $working_dir/data --save_dir $working_dir/results/41x/bwh_resection --seg --patch --stitch 2>&1 | tee -a $working_dir/logs/preprocessing-2022-04-26-173802.log
61,/home/weismanal/projects/idibell/repo/data/DigitalSlide_C10M_2S_1.mrxs,20,41.221663263802704,PannoramicSlide,03/12/2021 17:36:57,154112,89344,0.242534722222222,0.2426470588235289,13768982528,0,256,,filenames_of_41x.csv,python $CLAM/create_patches_fp.py --process_list $working_dir/filenames_of_41x.csv --patch_level 0 --patch_size 256 --step_size 256 --preset $CLAM/presets/bwh_resection.csv --source $working_dir/data --save_dir $working_dir/results/41x/bwh_resection --seg --patch --stitch 2>&1 | tee -a $working_dir/logs/preprocessing-2022-04-26-173802.log
62,/home/weismanal/projects/idibell/repo/data/DigitalSlide_C10M_3S_1.mrxs,20,41.221663263802704,PannoramicSlide,03/12/2021 17:38:47,195584,97536,0.242534722222222,0.2426470588235289,19076481024,0,256,,filenames_of_41x.csv,python $CLAM/create_patches_fp.py --process_list $working_dir/filenames_of_41x.csv --patch_level 0 --patch_size 256 --step_size 256 --preset $CLAM/presets/bwh_resection.csv --source $working_dir/data --save_dir $working_dir/results/41x/bwh_resection --seg --patch --stitch 2>&1 | tee -a $working_dir/logs/preprocessing-2022-04-26-173802.log
63,/home/weismanal/projects/idibell/repo/data/DigitalSlide_C10M_9S_1.mrxs,20,41.221663263802704,PannoramicSlide,03/12/2021 17:48:05,183040,92416,0.242534722222222,0.2426470588235289,16915824640,0,256,,filenames_of_41x.csv,python $CLAM/create_patches_fp.py --process_list $working_dir/filenames_of_41x.csv --patch_level 0 --patch_size 256 --step_size 256 --preset $CLAM/presets/bwh_resection.csv --source $working_dir/data --save_dir $working_dir/results/41x/bwh_resection --seg --patch --stitch 2>&1 | tee -a $working_dir/logs/preprocessing-2022-04-26-173802.log
64,/home/weismanal/projects/idibell/repo/data/DigitalSlide_D4M_1S_1_20210922131645990.mrxs,20,41.221663263802704,Default,21/09/2021 16:47:59,182784,97280,0.242534722222222,0.2426470588235289,17781227520,0,256,,filenames_of_41x.csv,python $CLAM/create_patches_fp.py --process_list $working_dir/filenames_of_41x.csv --patch_level 0 --patch_size 256 --step_size 256 --preset $CLAM/presets/bwh_resection.csv --source $working_dir/data --save_dir $working_dir/results/41x/bwh_resection --seg --patch --stitch 2>&1 | tee -a $working_dir/logs/preprocessing-2022-04-26-173802.log
65,/home/weismanal/projects/idibell/repo/data/DigitalSlide_D4M_2S_1_20210922131740429.mrxs,20,41.221663263802704,Default,21/09/2021 16:49:35,195328,86272,0.242534722222222,0.2426470588235289,16851337216,0,256,,filenames_of_41x.csv,python $CLAM/create_patches_fp.py --process_list $working_dir/filenames_of_41x.csv --patch_level 0 --patch_size 256 --step_size 256 --preset $CLAM/presets/bwh_resection.csv --source $working_dir/data --save_dir $working_dir/results/41x/bwh_resection --seg --patch --stitch 2>&1 | tee -a $working_dir/logs/preprocessing-2022-04-26-173802.log
66,/home/weismanal/projects/idibell/repo/data/DigitalSlide_E10M_7S_1_20210914145322714.mrxs,20,41.221663263802704,Default,13/09/2021 18:11:11,106240,50432,0.242534722222222,0.2426470588235289,5357895680,0,256,,filenames_of_41x.csv,python $CLAM/create_patches_fp.py --process_list $working_dir/filenames_of_41x.csv --patch_level 0 --patch_size 256 --step_size 256 --preset $CLAM/presets/bwh_resection.csv --source $working_dir/data --save_dir $working_dir/results/41x/bwh_resection --seg --patch --stitch 2>&1 | tee -a $working_dir/logs/preprocessing-2022-04-26-173802.log
67,/home/weismanal/projects/idibell/repo/data/DigitalSlide_E6M_15S_1.mrxs,40,82.44332652760524,PannoramicSlide,07/05/2021 12:44:45,312576,194304,0.121267361111111,0.121323529411765,60734767104,1,256,,filenames_of_82x.csv,python $CLAM/create_patches_fp.py --process_list $working_dir/filenames_of_82x.csv --patch_level 1 --patch_size 256 --step_size 256 --preset $CLAM/presets/bwh_resection.csv --source $working_dir/data --save_dir $working_dir/results/41x/bwh_resection --seg --patch --stitch 2>&1 | tee -a $working_dir/logs/preprocessing-2022-04-26-173802.log
68,/home/weismanal/projects/idibell/repo/data/DigitalSlide_E6M_17S_1.mrxs,40,82.44332652760524,PannoramicSlide,07/05/2021 12:56:40,262912,158720,0.121267361111111,0.121323529411765,41729392640,1,256,,filenames_of_82x.csv,python $CLAM/create_patches_fp.py --process_list $working_dir/filenames_of_82x.csv --patch_level 1 --patch_size 256 --step_size 256 --preset $CLAM/presets/bwh_resection.csv --source $working_dir/data --save_dir $working_dir/results/41x/bwh_resection --seg --patch --stitch 2>&1 | tee -a $working_dir/logs/preprocessing-2022-04-26-173802.log

